Source,Type,Target,Relation,Domain,Range,Quantifier,Comment,Defined By,Label
OntoClimateAdapt,TBox,https://github.com/TheWorldAvatar/ontoclimateadapt/OntoClimateAdapt.owl,https://www.w3.org/2007/05/powder-s#hasIRI,,,,,,
OntoClimateAdapt,TBox,1,http://www.w3.org/2002/07/owl#versionInfo,,,,,,
OntoClimateAdapt,TBox,"OntoClimateAdapt is an ontology designed to provide a formal semantic representation of data related to climate change adaptation research, initiatives, and actions. It enables the standardized description, integration, and interoperable exchange of information to support the development of resilient societies and adaptive capacities in the face of climate change.",http://www.w3.org/2000/01/rdf-schema#comment,,,,,,
OntoClimateAdapt,TBox,https://raw.githubusercontent.com/HajoRijgersberg/OM/refs/heads/master/om-2.0.rdf,http://www.w3.org/2002/07/owl#imports,,,,,,
http://sweetontology.net/phenPlanetClimate/ClimateChange,Class,EnvironmentalPhenomenon,IS-A,,,,An Environmental Phenomenon that represents a persistent alteration in the statistical properties of the climate system.,,
http://sweetontology.net/phenPlanetClimate/ClimateChange,Class,EarthSystemPhenomenon,IS-A,,,,,,
hasCause,Object Property,,,http://sweetontology.net/phenPlanetClimate/ClimateChange,GreenhouseGasEmission,,"A causal relationship between an effect (or phenomenon) and the process, or event responsible for its occurrence.",https://github.com/TheWorldAvatar/ontoclimateadapt/OntoClimateAdapt.owl,hasCause
hasEffect,Object Property,,,http://sweetontology.net/phenPlanetClimate/ClimateChange,MeteorologicalExtremeEvent UNION http://sweetontology.net/phenEnvirImpact/SeaLevelRise UNION http://sweetontology.net/phenEnvirImpact/OceanAcidification,,"A causal relationship between a phenomenon and the observable processes, events, or conditions that result from it.",https://github.com/TheWorldAvatar/ontoclimateadapt/OntoClimateAdapt.owl,hasEffect
studiedBy,Object Property,,,http://sweetontology.net/phenPlanetClimate/ClimateChange,http://sweetontology.net/humanKnowledgeDomain/AtmosphericScience UNION EnvironmentalScience UNION http://sweetontology.net/humanKnowledgeDomain/Paleoclimatology,,The relationship between a natural or environmental phenomenon and the scientific disciplines that systematically investigate it.,https://github.com/TheWorldAvatar/ontoclimateadapt/OntoClimateAdapt.owl,studiedBy
affects,Object Property,,,http://sweetontology.net/phenPlanetClimate/ClimateChange,http://sweetontology.net/humanKnowledgeDomain/Ecology UNION HumanHealth UNION Economy,,"An influence relationship between a phenomenon, process, or event and the systems, entities, or domains that experience its impact.",https://github.com/TheWorldAvatar/ontoclimateadapt/OntoClimateAdapt.owl,affects
adaptedThrough,Object Property,,,http://sweetontology.net/phenPlanetClimate/ClimateChange,AdaptationMeasure,,,https://github.com/TheWorldAvatar/ontoclimateadapt/OntoClimateAdapt.owl,adaptedThrough
AdaptationMeasure,Class,,,,,,"A deliberate action, strategy, or intervention implemented to reduce the adverse impacts of climate change",https://github.com/TheWorldAvatar/ontoclimateadapt/OntoClimateAdapt.owl,AdaptationMeasure
ClimateAdaptationAction ,Class,AdaptationMeasure,IS-A,,,,A concrete activity or measure undertaken to reduce the impacts of climate change or increase the resilience of human or natural systems.,https://github.com/TheWorldAvatar/ontoclimateadapt/OntoClimateAdapt.owl,ClimateAdaptationAction 
PolicyIntervention,Class,AdaptationMeasure,IS-A,,,,"A governance-led adaptation measure implemented through regulations, policies, legislation, incentives, or planning frameworks.",https://github.com/TheWorldAvatar/ontoclimateadapt/OntoClimateAdapt.owl,PolicyIntervention
InfrastructureResilienceMeasure ,Class,AdaptationMeasure,IS-A,,,,"An adaptation measure that strengthens, upgrades, or redesigns physical infrastructure to withstand climate-related hazards.",https://github.com/TheWorldAvatar/ontoclimateadapt/OntoClimateAdapt.owl,InfrastructureResilienceMeasure 
http://sweetontology.net/reprSciModel/ClimateModel,Class,,,,,,A computational model that applies mathematical equations to simulate the behaviour of the Earth’s climate system.,https://github.com/TheWorldAvatar/ontoclimateadapt/OntoClimateAdapt.owl,ClimateModel
measuredBy,Object Property,,,http://sweetontology.net/phenPlanetClimate/ClimateChange,http://sweetontology.net/reprSciModel/ClimateModel UNION SatelliteObservation UNION MeteorologicalStation,,"The source of measurement, estimation, or observation through which evidence of climate change is obtained.",https://github.com/TheWorldAvatar/ontoclimateadapt/OntoClimateAdapt.owl,measuredBy
SatelliteObservation,Class,,,,,,A remote sensing measurement capturing key environmental or atmospheric variables of the Earth’s surface and climate system.,https://github.com/TheWorldAvatar/ontoclimateadapt/OntoClimateAdapt.owl,SatelliteObservation
MeteorologicalStation,Class,,,,,,"A ground-based facility that measures atmospheric and weather variables such as temperature, humidity, precipitation, and wind.",https://github.com/TheWorldAvatar/ontoclimateadapt/OntoClimateAdapt.owl,MeteorologicalStation
EnvironmentalPhenomenon,Class,,,,,,"A naturally occurring process within the environment arising from interactions among biological, physical, or chemical components.",https://github.com/TheWorldAvatar/ontoclimateadapt/OntoClimateAdapt.owl,EnvironmentalPhenomenon
EarthSystemPhenomenon,Class,,,,,,"A large-scale physical, chemical, or biological process that occurs within or across components of the Earth system.",https://github.com/TheWorldAvatar/ontoclimateadapt/OntoClimateAdapt.owl,EarthSystemPhenomenon
MeteorologicalExtremeEvent,Class,,,,,,"Any atmospheric or weather-related phenomenon that deviates drastically from normal conditions and poses risks to humans, ecosystems, or infrastructure.",https://github.com/TheWorldAvatar/ontoclimateadapt/OntoClimateAdapt.owl,MeteorologicalExtremeEvent
occursAt,Object Property,,,MeteorologicalExtremeEvent,http://sweetontology.net/propSpaceLocation/Location,,A relation linking an event to the geographical location where it takes place or manifests its observable impacts.,https://github.com/TheWorldAvatar/ontoclimateadapt/OntoClimateAdapt.owl,occursAt
Heatwave,Class,MeteorologicalExtremeEvent,IS-A,,,,A meteorological extreme event consisting of several consecutive days of unusually high temperatures relative to local climate norms.,https://github.com/TheWorldAvatar/ontoclimateadapt/OntoClimateAdapt.owl,Heatwave
hasPopulationDensity,Object Property,,,http://sweetontology.net/propSpaceLocation/Location,PopulationDensity,,Relates a Location to its corresponding PopulationDensity measurement.,https://github.com/TheWorldAvatar/ontoclimateadapt/OntoClimateAdapt.owl,hasPopulationDensity
PopulationDensity,Class,http://www.ontology-of-units-of-measure.org/resource/om-2/Quantity,IS-A,,,,A quantitative demographic indicator representing the number of individuals residing within a defined unit area of a geographic location.,https://github.com/TheWorldAvatar/ontoclimateadapt/OntoClimateAdapt.owl,PopulationDensity
AgeSpecificPopulationDensity,Class,PopulationDensity,IS-A,,,,,https://github.com/TheWorldAvatar/ontoclimateadapt/OntoClimateAdapt.owl,AgeSpecificPopulationDensity
AgeGroup,Class,,,,,,A group of people whose ages fall within a specified range.,https://github.com/TheWorldAvatar/ontoclimateadapt/OntoClimateAdapt.owl,AgeGroup
forAgeGroup,Object Property,,,AgeSpecificPopulationDensity,AgeGroup,1,A relation indicating that a population density measurement applies to a specific age group defined by a minimum and maximum age.,https://github.com/TheWorldAvatar/ontoclimateadapt/OntoClimateAdapt.owl,forAgeGroup
hasMinimumAge,Data Property,,,AgeGroup,integer,,A data property that specifies the lower bound of the age range defining an age group.,https://github.com/TheWorldAvatar/ontoclimateadapt/OntoClimateAdapt.owl,hasMinimumAge
hasMaximumAge,Data Property,,,AgeGroup,integer,,A data property that specifies the upper bound of the age range defining an age group.,https://github.com/TheWorldAvatar/ontoclimateadapt/OntoClimateAdapt.owl,hasMaximumAge
NumberOfHeatwaveDays,Class,http://www.ontology-of-units-of-measure.org/resource/om-2/Quantity,IS-A,,,,A quantitative observation describing the total count of days during which heatwave conditions occur at a given location within a defined time interval.,https://github.com/TheWorldAvatar/ontoclimateadapt/OntoClimateAdapt.owl,NumberOfHeatwaveDays
hasNumberOfHeatwaveDays,Object Property,,,http://sweetontology.net/propSpaceLocation/Location,NumberOfHeatwaveDays,,An object property that relates a location to an observation representing the number of days during which heatwave conditions occur.,https://github.com/TheWorldAvatar/ontoclimateadapt/OntoClimateAdapt.owl,hasNumberOfHeatwaveDays
isDerivedFromEvent,Object Property,,,NumberOfHeatwaveDays,Heatwave,,An object property that relates a derived quantitative indicator to one or more events from which the indicator has been computed or aggregated.,https://github.com/TheWorldAvatar/ontoclimateadapt/OntoClimateAdapt.owl,isDerivedFromEvent
http://www.ontology-of-units-of-measure.org/resource/om-2/hasValue,Object Property,,,http://www.ontology-of-units-of-measure.org/resource/om-2/Quantity,http://www.ontology-of-units-of-measure.org/resource/om-2/Measure,,,http://www.ontology-of-units-of-measure.org/resource/om-2/,hasValue
http://www.ontology-of-units-of-measure.org/resource/om-2/hasUnit,Object Property,,,http://www.ontology-of-units-of-measure.org/resource/om-2/Measure,http://www.ontology-of-units-of-measure.org/resource/om-2/Unit,,,http://www.ontology-of-units-of-measure.org/resource/om-2/,hasUnit
http://www.ontology-of-units-of-measure.org/resource/om-2/hasNumericalValue,Data Property,,,http://www.ontology-of-units-of-measure.org/resource/om-2/Measure,double,,,http://www.ontology-of-units-of-measure.org/resource/om-2/,hasNumericalValue
http://www.ontology-of-units-of-measure.org/resource/om-2/symbol,Data Property,,,http://www.ontology-of-units-of-measure.org/resource/om-2/Unit,string,,,http://www.ontology-of-units-of-measure.org/resource/om-2/,symbol
hasTemporalFrequency,Object Property,,,NumberOfHeatwaveDays,TemporalFrequency,,"An object property that links an observation to the temporal frequency at which the observed quantity is defined, measured, or aggregated.",https://github.com/TheWorldAvatar/ontoclimateadapt/OntoClimateAdapt.owl,hasTemporalFrequency
TemporalFrequency,Class,,,,,,"The regularity or recurrence pattern according to which an observation or aggregated value is defined, such as annually, monthly, or weekly.",https://github.com/TheWorldAvatar/ontoclimateadapt/OntoClimateAdapt.owl,TemporalFrequency
AnnualFrequency,Class,TemporalFrequency,IS-A,,,,A temporal frequency representing the count of occurrences within a calendar year.,https://github.com/TheWorldAvatar/ontoclimateadapt/OntoClimateAdapt.owl,AnnualFrequency
MonthlyFrequency,Class,TemporalFrequency,IS-A,,,,A temporal frequency representing the count of occurrences within a calendar month.,https://github.com/TheWorldAvatar/ontoclimateadapt/OntoClimateAdapt.owl,MonthlyFrequency
WeeklyFrequency,Class,TemporalFrequency,IS-A,,,,A temporal frequency representing the count of occurrences within a calendar week.,https://github.com/TheWorldAvatar/ontoclimateadapt/OntoClimateAdapt.owl,WeeklyFrequency
hasTimeInterval,Object Property,,,NumberOfHeatwaveDays,http://www.w3.org/2006/time#TemporalEntity ,,An object property that relates an aggregated observation result to the temporal interval over which it was computed.,https://github.com/TheWorldAvatar/ontoclimateadapt/OntoClimateAdapt.owl,hasTimeInterval
http://www.w3.org/2006/time#hasBeginning ,Object Property,,,http://www.w3.org/2006/time#TemporalEntity ,http://www.w3.org/2006/time#Instant,,,http://www.w3.org/2006/time,hasBeginning
http://www.w3.org/2006/time#hasEnd,Object Property,,,http://www.w3.org/2006/time#TemporalEntity ,http://www.w3.org/2006/time#Instant,,,http://www.w3.org/2006/time,hasEnd
http://www.w3.org/2006/time#inXSDDateTime,Data Property,,,http://www.w3.org/2006/time#Instant,dateTime,,,http://www.w3.org/2006/time,inXSDDateTime
LandSurfaceTemperature,Class,http://www.ontology-of-units-of-measure.org/resource/om-2/Temperature,IS-A,,,,The radiative temperature of the Earth’s land surface at a specific location and time.,https://github.com/TheWorldAvatar/ontoclimateadapt/OntoClimateAdapt.owl,LandSurfaceTemperature
NearSurfaceAirTemperature,Class,http://www.ontology-of-units-of-measure.org/resource/om-2/Temperature,IS-A,,,,A temperature quantity representing the thermal state of air near the Earth's surface at a specific location and time.,https://github.com/TheWorldAvatar/ontoclimateadapt/OntoClimateAdapt.owl,NearSurfaceAirTemperature
hasLandSurfaceTemperature,Object Property,,,http://sweetontology.net/propSpaceLocation/Location,LandSurfaceTemperature,,An object property that relates a location to its land surface temperature quantity observed or estimated at a specific time.,https://github.com/TheWorldAvatar/ontoclimateadapt/OntoClimateAdapt.owl,hasLandSurfaceTemperature
hasNearSurfaceAirTemperature,Object Property,,,http://sweetontology.net/propSpaceLocation/Location,NearSurfaceAirTemperature,,An object property that relates a location to a near-surface air temperature quantity observed or estimated at a specific time.,https://github.com/TheWorldAvatar/ontoclimateadapt/OntoClimateAdapt.owl,hasNearSurfaceAirTemperature
measuredAtTime,Object Property,,,LandSurfaceTemperature,http://www.w3.org/2006/time#Instant,,The time instant when the temperatue was recorded.,http://www.w3.org/2006/time,measuredAtTime
measuredAtHeight,Object Property,,,NearSurfaceAirTemperature,http://www.ontology-of-units-of-measure.org/resource/om-2/Height,,Relates a measurement to the height at which it was made.,https://github.com/TheWorldAvatar/ontoclimateadapt/OntoClimateAdapt.owl,measuredAtHeight
SubsoilWaterContent,Class,http://sweetontology.net/propSpaceThickness/WaterContent,IS-A,,,,A hydrological quantity that represents the amount of water contained in the subsoil layer of a geographic area at a specified location and time.,https://github.com/TheWorldAvatar/ontoclimateadapt/OntoClimateAdapt.owl,SubsoilWaterContent
TopsoilWaterContent,Class,http://sweetontology.net/propSpaceThickness/WaterContent,IS-A,,,,A hydrological quantity that represents the amount of water contained within the topsoil layer of a geographic area at a specified location and time.,https://github.com/TheWorldAvatar/ontoclimateadapt/OntoClimateAdapt.owl,TopsoilWaterContent
SoilProperty,Class,http://www.ontology-of-units-of-measure.org/resource/om-2/Quantity,IS-A,,,,"A property that represents a physical, hydrological, chemical, biological, or compositional characteristic of soil at a specified location and, where applicable, at a specified time.",https://github.com/TheWorldAvatar/ontoclimateadapt/OntoClimateAdapt.owl,SoilProperty
SoilWaterContent,Class,SoilProperty,IS-A,,,,A SoilProperty representing the amount of water contained within a soil layer at a specified location and time.,https://github.com/TheWorldAvatar/ontoclimateadapt/OntoClimateAdapt.owl,SoilWaterContent
SubsoilWaterContent,Class,SoilWaterContent,IS-A,,,,A hydrological quantity that represents the amount of water contained in the subsoil layer of a geographic area at a specified location and time.,https://github.com/TheWorldAvatar/ontoclimateadapt/OntoClimateAdapt.owl,SubsoilWaterContent
TopsoilWaterContent,Class,SoilWaterContent,IS-A,,,,A hydrological quantity that represents the amount of water contained within the topsoil layer of a geographic area at a specified location and time.,https://github.com/TheWorldAvatar/ontoclimateadapt/OntoClimateAdapt.owl,TopsoilWaterContent
SoilTextureProperty,Class,SoilProperty,IS-A,,,,"A SoilProperty that represents the texture of a soil layer, typically characterised by the relative proportions of particle-size fractions or by a derived soil texture classification.",https://github.com/TheWorldAvatar/ontoclimateadapt/OntoClimateAdapt.owl,SoilTextureProperty
ClayContent,Class,SoilTextureProperty,IS-A,,,,A SoilTextureProperty representing the proportion of clay-sized particles present within a soil layer.,https://github.com/TheWorldAvatar/ontoclimateadapt/OntoClimateAdapt.owl,ClayContent
SubsoilClayContent,Class,ClayContent,IS-A,,,,A ClayContent representing the proportion of clay-sized particles present within the subsoil layer.,https://github.com/TheWorldAvatar/ontoclimateadapt/OntoClimateAdapt.owl,SubsoilClayContent
TopsoilClayContent,Class,ClayContent,IS-A,,,,A ClayContent representing the proportion of clay-sized particles present within the topsoil layer.,https://github.com/TheWorldAvatar/ontoclimateadapt/OntoClimateAdapt.owl,TopsoilClayContent
SandContent,Class,SoilTextureProperty,IS-A,,,,A SoilTextureProperty representing the proportion of sand-sized particles present within a soil layer.,https://github.com/TheWorldAvatar/ontoclimateadapt/OntoClimateAdapt.owl,SandContent
SubsoilSandContent,Class,SandContent,IS-A,,,,A SandContent representing the proportion of sand-sized particles present within the subsoil layer.,https://github.com/TheWorldAvatar/ontoclimateadapt/OntoClimateAdapt.owl,SubsoilSandContent
TopsoilSandContent,Class,SandContent,IS-A,,,,A SandContent representing the proportion of sand-sized particles present within the topsoil layer.,https://github.com/TheWorldAvatar/ontoclimateadapt/OntoClimateAdapt.owl,TopsoilSandContent
SiltContent,Class,SoilTextureProperty,IS-A,,,,A SoilTextureProperty representing the proportion of silt-sized particles present within a soil layer.,https://github.com/TheWorldAvatar/ontoclimateadapt/OntoClimateAdapt.owl,SiltContent
SubsoilSiltContent,Class,SiltContent,IS-A,,,,A SiltContent representing the proportion of silt-sized particles present within the subsoil layer.,https://github.com/TheWorldAvatar/ontoclimateadapt/OntoClimateAdapt.owl,SubsoilSiltContent
TopsoilSiltContent,Class,SiltContent,IS-A,,,,A SiltContent representing the proportion of silt-sized particles present within the topsoil layer.,https://github.com/TheWorldAvatar/ontoclimateadapt/OntoClimateAdapt.owl,TopsoilSiltContent
GravelContent,Class,SoilTextureProperty,IS-A,,,,A SoilTextureProperty representing the proportion of gravel-sized fragments present within a soil layer.,https://github.com/TheWorldAvatar/ontoclimateadapt/OntoClimateAdapt.owl,GravelContent
SubsoilGravelContent,Class,GravelContent,IS-A,,,,A GravelContent representing the proportion of gravel-sized fragments present within the subsoil layer.,https://github.com/TheWorldAvatar/ontoclimateadapt/OntoClimateAdapt.owl,SubsoilGravelContent
TopsoilGravelContent,Class,GravelContent,IS-A,,,,A GravelContent representing the proportion of gravel-sized fragments present within the topsoil layer.,https://github.com/TheWorldAvatar/ontoclimateadapt/OntoClimateAdapt.owl,TopsoilGravelContent
SoilTextureClass,Class,SoilTextureProperty,IS-A,,,,"A SoilTextureProperty representing the texture classification assigned to a soil layer based on the relative proportions of clay, silt, and sand.",https://github.com/TheWorldAvatar/ontoclimateadapt/OntoClimateAdapt.owl,SoilTextureClass
SubsoilTextureClass,Class,SoilTextureClass,IS-A,,,,A SoilTextureClass representing the texture classification assigned to the subsoil layer.,https://github.com/TheWorldAvatar/ontoclimateadapt/OntoClimateAdapt.owl,SubsoilTextureClass
TopsoilTextureClass,Class,SoilTextureClass,IS-A,,,,A SoilTextureClass representing the texture classification assigned to the topsoil layer.,https://github.com/TheWorldAvatar/ontoclimateadapt/OntoClimateAdapt.owl,TopsoilTextureClass
OrganicCarbonContent,Class,SoilCompositionProperty,IS-A,,,,A SoilCompositionProperty representing the amount of organic carbon contained within a soil layer.,https://github.com/TheWorldAvatar/ontoclimateadapt/OntoClimateAdapt.owl,OrganicCarbonContent
SubsoilOrganicCarbonContent,Class,OrganicCarbonContent,IS-A,,,,An OrganicCarbonContent representing the amount or proportion of organic carbon contained within the subsoil layer.,https://github.com/TheWorldAvatar/ontoclimateadapt/OntoClimateAdapt.owl,SubsoilOrganicCarbonContent
TopsoilOrganicCarbonContent,Class,OrganicCarbonContent,IS-A,,,,An OrganicCarbonContent representing the amount or proportion of organic carbon contained within the topsoil layer.,https://github.com/TheWorldAvatar/ontoclimateadapt/OntoClimateAdapt.owl,TopsoilOrganicCarbonContent
BulkDensity,Class,SoilProperty,IS-A,,,,"A SoilProperty representing the dry mass of soil per unit volume, including the volume occupied by pore spaces, at a specified location and, where applicable, at a specified time.",https://github.com/TheWorldAvatar/ontoclimateadapt/OntoClimateAdapt.owl,BulkDensity
SubsoilBulkDensity,Class,BulkDensity,IS-A,,,,A BulkDensity representing the dry mass of soil per unit volume within the subsoil layer.,https://github.com/TheWorldAvatar/ontoclimateadapt/OntoClimateAdapt.owl,SubsoilBulkDensity
TopsoilBulkDensity,Class,BulkDensity,IS-A,,,,A BulkDensity representing the dry mass of soil per unit volume within the topsoil layer.,https://github.com/TheWorldAvatar/ontoclimateadapt/OntoClimateAdapt.owl,TopsoilBulkDensity
AvailableRootingDepth,Class,SoilProperty,IS-A,,,,A SoilProperty representing the vertical depth of soil available for plant root growth and development at a specified location.,https://github.com/TheWorldAvatar/ontoclimateadapt/OntoClimateAdapt.owl,AvailableRootingDepth
hasSubsoilWaterContent,Object Property,,,http://sweetontology.net/propSpaceLocation/Location,SubsoilWaterContent,,Relates a Location to the SubsoilWaterContent observed at that location.,https://github.com/TheWorldAvatar/ontoclimateadapt/OntoClimateAdapt.owl,hasSubsoilWaterContent
hasTopsoilWaterContent,Object Property,,,http://sweetontology.net/propSpaceLocation/Location,TopsoilWaterContent,,Relates a Location to the TopsoilWaterContent observed at that location.,https://github.com/TheWorldAvatar/ontoclimateadapt/OntoClimateAdapt.owl,hasTopsoilWaterContent
hasSubsoilClayContent,Object Property,,,http://sweetontology.net/propSpaceLocation/Location,SubsoilClayContent,,Relates a Location to the SubsoilClayContent observed at that location.,https://github.com/TheWorldAvatar/ontoclimateadapt/OntoClimateAdapt.owl,hasSubsoilClayContent
hasTopsoilClayContent,Object Property,,,http://sweetontology.net/propSpaceLocation/Location,TopsoilClayContent,,Relates a Location to the TopsoilClayContent observed at that location.,https://github.com/TheWorldAvatar/ontoclimateadapt/OntoClimateAdapt.owl,hasTopsoilClayContent
hasSubsoilSandContent,Object Property,,,http://sweetontology.net/propSpaceLocation/Location,SubsoilSandContent,,Relates a Location to the SubsoilSandContent observed at that location.,https://github.com/TheWorldAvatar/ontoclimateadapt/OntoClimateAdapt.owl,hasSubsoilSandContent
hasTopsoilSandContent,Object Property,,,http://sweetontology.net/propSpaceLocation/Location,TopsoilSandContent,,Relates a Location to the TopsoilSandContent observed at that location.,https://github.com/TheWorldAvatar/ontoclimateadapt/OntoClimateAdapt.owl,hasTopsoilSandContent
hasSubsoilSiltContent,Object Property,,,http://sweetontology.net/propSpaceLocation/Location,SubsoilSiltContent,,Relates a Location to the SubsoilSiltContent observed at that location.,https://github.com/TheWorldAvatar/ontoclimateadapt/OntoClimateAdapt.owl,hasSubsoilSiltContent
hasTopsoilSiltContent,Object Property,,,http://sweetontology.net/propSpaceLocation/Location,TopsoilSiltContent,,Relates a Location to the TopsoilSiltContent observed at that location.,https://github.com/TheWorldAvatar/ontoclimateadapt/OntoClimateAdapt.owl,hasTopsoilSiltContent
hasSubsoilGravelContent,Object Property,,,http://sweetontology.net/propSpaceLocation/Location,SubsoilGravelContent,,Relates a Location to the SubsoilGravelContent observed at that location.,https://github.com/TheWorldAvatar/ontoclimateadapt/OntoClimateAdapt.owl,hasSubsoilGravelContent
hasTopsoilGravelContent,Object Property,,,http://sweetontology.net/propSpaceLocation/Location,TopsoilGravelContent,,Relates a Location to the TopsoilGravelContent observed at that location.,https://github.com/TheWorldAvatar/ontoclimateadapt/OntoClimateAdapt.owl,hasTopsoilGravelContent
hasSubsoilTextureClass,Object Property,,,http://sweetontology.net/propSpaceLocation/Location,SubsoilTextureClass,,Relates a Location to the SubsoilOrganicCarbonContent observed at that location.,https://github.com/TheWorldAvatar/ontoclimateadapt/OntoClimateAdapt.owl,hasSubsoilTextureClass
hasTopsoilTextureClass,Object Property,,,http://sweetontology.net/propSpaceLocation/Location,TopsoilTextureClass,,Relates a Location to the TopsoilOrganicCarbonContent observed at that location.,https://github.com/TheWorldAvatar/ontoclimateadapt/OntoClimateAdapt.owl,hasTopsoilTextureClass
hasSubsoilOrganicCarbonContent,Object Property,,,http://sweetontology.net/propSpaceLocation/Location,SubsoilOrganicCarbonContent,,Relates a Location to the SubsoilOrganicCarbonContent observed at that location.,https://github.com/TheWorldAvatar/ontoclimateadapt/OntoClimateAdapt.owl,hasSubsoilOrganicCarbonContent
hasTopsoilOrganicCarbonContent,Object Property,,,http://sweetontology.net/propSpaceLocation/Location,TopsoilOrganicCarbonContent,,Relates a Location to the TopsoilOrganicCarbonContent observed at that location.,https://github.com/TheWorldAvatar/ontoclimateadapt/OntoClimateAdapt.owl,hasTopsoilOrganicCarbonContent
hasSubsoilBulkDensity,Object Property,,,http://sweetontology.net/propSpaceLocation/Location,SubsoilBulkDensity,,Relates a Location to the SubsoilBulkDensity observed at that location.,https://github.com/TheWorldAvatar/ontoclimateadapt/OntoClimateAdapt.owl,hasSubsoilBulkDensity
hasTopsoilBulkDensity,Object Property,,,http://sweetontology.net/propSpaceLocation/Location,TopsoilBulkDensity,,Relates a Location to the TopsoilBulkDensity observed at that location.,https://github.com/TheWorldAvatar/ontoclimateadapt/OntoClimateAdapt.owl,hasTopsoilBulkDensity
hasAvailableRootingDepth,Object Property,,,http://sweetontology.net/propSpaceLocation/Location,AvailableRootingDepth,,Relates a Location to the AvailableRootingDepth observed at that location.,https://github.com/TheWorldAvatar/ontoclimateadapt/OntoClimateAdapt.owl,hasAvailableRootingDepth
http://www.opengis.net/ont/geosparql#hasGeometry,Object Property,,,http://sweetontology.net/propSpaceLocation/Location,http://www.opengis.net/ont/geosparql#Geometry,,,http://www.opengis.net/ont/geosparql,hasGeometry
http://www.opengis.net/ont/geosparql#asWKT,Data Property,,,http://www.opengis.net/ont/geosparql#Geometry,http://www.opengis.net/ont/geosparql#wktLiteral,,,http://www.opengis.net/ont/geosparql,asWKT
https://www.ordnancesurvey.co.uk/linked-data/ontology/spatialrelations.owl#easting,Data Property,,,http://www.opengis.net/ont/geosparql#Geometry,double,,,https://www.ordnancesurvey.co.uk/linked-data/ontology/spatialrelations.owl,easting
https://www.ordnancesurvey.co.uk/linked-data/ontology/spatialrelations.owl#northing,Data Property,,,http://www.opengis.net/ont/geosparql#Geometry,double,,,https://www.ordnancesurvey.co.uk/linked-data/ontology/spatialrelations.owl,northing
